snapshot_idx,interface,frame.time_epoch,frame.len,ip.src,ip.dst,ipv6.src,ipv6.dst,_ws.col.Protocol,tcp.srcport,tcp.dstport,tcp.flags,tcp.stream,icmp.type,icmp.code,icmpv6.type,icmpv6.code
3,s0cl0,1767116955.718910000,137,,,,,LLDP,,,,,,,,
3,s0cl0,1767116955.718958000,137,,,,,LLDP,,,,,,,,
3,s0cl0,1767116958.818269000,137,,,,,LLDP,,,,,,,,
3,s0cl0,1767116958.818337000,137,,,,,LLDP,,,,,,,,
3,s0cl0,1767116961.919168000,137,,,,,LLDP,,,,,,,,
3,s0cl0,1767116961.919388000,137,,,,,LLDP,,,,,,,,
3,s0cl0,1767116965.019283000,137,,,,,LLDP,,,,,,,,
3,s0cl0,1767116965.019360000,137,,,,,LLDP,,,,,,,,
3,s0cl0,1767116968.119047000,137,,,,,LLDP,,,,,,,,
3,s0cl0,1767116968.119096000,137,,,,,LLDP,,,,,,,,
3,s0cl0,1767116971.218856000,137,,,,,LLDP,,,,,,,,
3,s0cl0,1767116971.218909000,137,,,,,LLDP,,,,,,,,
3,s0cl0,1767116974.318594000,137,,,,,LLDP,,,,,,,,
3,s0cl0,1767116974.318645000,137,,,,,LLDP,,,,,,,,
3,s0cl0,1767116977.419002000,137,,,,,LLDP,,,,,,,,
3,s0cl0,1767116977.419090000,137,,,,,LLDP,,,,,,,,
3,s0cl0,1767116980.518758000,137,,,,,LLDP,,,,,,,,
3,s0cl0,1767116980.518804000,137,,,,,LLDP,,,,,,,,
3,s0cl0,1767116983.618328000,137,,,,,LLDP,,,,,,,,
3,s0cl0,1767116983.618405000,137,,,,,LLDP,,,,,,,,
3,s0cl0,1767116986.718933000,137,,,,,LLDP,,,,,,,,
3,s0cl0,1767116986.718999000,137,,,,,LLDP,,,,,,,,
3,s0cl0,1767116989.818689000,137,,,,,LLDP,,,,,,,,
3,s0cl0,1767116989.818863000,137,,,,,LLDP,,,,,,,,
3,s0cl0,1767116992.917984000,137,,,,,LLDP,,,,,,,,
3,s0cl0,1767116992.918042000,137,,,,,LLDP,,,,,,,,
3,s0cl0,1767116996.019227000,137,,,,,LLDP,,,,,,,,
3,s0cl0,1767116996.019287000,137,,,,,LLDP,,,,,,,,
3,s0cl0,1767116999.118063000,137,,,,,LLDP,,,,,,,,
3,s0cl0,1767116999.118108000,137,,,,,LLDP,,,,,,,,
3,s0cl0,1767117002.218079000,137,,,,,LLDP,,,,,,,,
3,s0cl0,1767117002.218388000,137,,,,,LLDP,,,,,,,,
3,s0cl0,1767117005.318779000,137,,,,,LLDP,,,,,,,,
3,s0cl0,1767117005.318861000,137,,,,,LLDP,,,,,,,,
3,s0cl0,1767117008.419003000,137,,,,,LLDP,,,,,,,,
3,s0cl0,1767117008.419081000,137,,,,,LLDP,,,,,,,,
3,s0cl0,1767117011.518462000,137,,,,,LLDP,,,,,,,,
3,s0cl0,1767117011.518545000,137,,,,,LLDP,,,,,,,,
3,s0cl0,1767117014.619756000,137,,,,,LLDP,,,,,,,,
3,s0cl0,1767117014.619827000,137,,,,,LLDP,,,,,,,,
3,s0cl0,1767117017.719058000,137,,,,,LLDP,,,,,,,,
3,s0cl0,1767117017.719127000,137,,,,,LLDP,,,,,,,,
3,s0cl0,1767117020.818608000,137,,,,,LLDP,,,,,,,,
3,s0cl0,1767117020.818654000,137,,,,,LLDP,,,,,,,,
3,s0cl0,1767117023.918446000,137,,,,,LLDP,,,,,,,,
3,s0cl0,1767117023.918527000,137,,,,,LLDP,,,,,,,,
3,s0cl0,1767117027.018665000,137,,,,,LLDP,,,,,,,,
3,s0cl0,1767117027.018801000,137,,,,,LLDP,,,,,,,,
3,s0cl0,1767117030.117987000,137,,,,,LLDP,,,,,,,,
3,s0cl0,1767117030.118035000,137,,,,,LLDP,,,,,,,,
3,s0cl0,1767117033.218516000,137,,,,,LLDP,,,,,,,,
3,s0cl0,1767117033.218592000,137,,,,,LLDP,,,,,,,,
3,s0cl0,1767117036.319209000,137,,,,,LLDP,,,,,,,,
3,s0cl0,1767117036.319299000,137,,,,,LLDP,,,,,,,,
3,s0cl0,1767117039.418166000,137,,,,,LLDP,,,,,,,,
3,s0cl0,1767117039.418213000,137,,,,,LLDP,,,,,,,,
3,s0cl0,1767117042.518183000,137,,,,,LLDP,,,,,,,,
3,s0cl0,1767117042.518283000,137,,,,,LLDP,,,,,,,,
3,s0cl0,1767117045.619177000,137,,,,,LLDP,,,,,,,,
3,s0cl0,1767117045.619256000,137,,,,,LLDP,,,,,,,,
3,s0cl0,1767117048.719025000,137,,,,,LLDP,,,,,,,,
3,s0cl0,1767117048.719073000,137,,,,,LLDP,,,,,,,,
3,s0cl0,1767117051.818632000,137,,,,,LLDP,,,,,,,,
3,s0cl0,1767117051.818698000,137,,,,,LLDP,,,,,,,,
3,s0cl0,1767117054.919508000,137,,,,,LLDP,,,,,,,,
3,s0cl0,1767117054.919560000,137,,,,,LLDP,,,,,,,,
3,s0cl0,1767117058.018613000,137,,,,,LLDP,,,,,,,,
3,s0cl0,1767117058.018689000,137,,,,,LLDP,,,,,,,,
3,s0cl0,1767117061.118871000,137,,,,,LLDP,,,,,,,,
3,s0cl0,1767117061.118926000,137,,,,,LLDP,,,,,,,,
3,s0cl0,1767117064.218849000,137,,,,,LLDP,,,,,,,,
3,s0cl0,1767117064.218899000,137,,,,,LLDP,,,,,,,,
3,s0cl0,1767117067.318748000,137,,,,,LLDP,,,,,,,,
3,s0cl0,1767117067.318811000,137,,,,,LLDP,,,,,,,,
3,s0cl0,1767117070.418894000,137,,,,,LLDP,,,,,,,,
3,s0cl0,1767117070.418941000,137,,,,,LLDP,,,,,,,,
3,s0cl1,1767116955.719002000,137,,,,,LLDP,,,,,,,,
3,s0cl1,1767116955.719047000,137,,,,,LLDP,,,,,,,,
3,s0cl1,1767116958.818381000,137,,,,,LLDP,,,,,,,,
3,s0cl1,1767116958.818458000,137,,,,,LLDP,,,,,,,,
3,s0cl1,1767116961.919479000,137,,,,,LLDP,,,,,,,,
3,s0cl1,1767116961.919574000,137,,,,,LLDP,,,,,,,,
3,s0cl1,1767116965.019424000,137,,,,,LLDP,,,,,,,,
3,s0cl1,1767116965.019502000,137,,,,,LLDP,,,,,,,,
3,s0cl1,1767116968.119140000,137,,,,,LLDP,,,,,,,,
3,s0cl1,1767116968.119184000,137,,,,,LLDP,,,,,,,,
3,s0cl1,1767116971.218951000,137,,,,,LLDP,,,,,,,,
3,s0cl1,1767116971.218994000,137,,,,,LLDP,,,,,,,,
3,s0cl1,1767116974.318687000,137,,,,,LLDP,,,,,,,,
3,s0cl1,1767116974.318786000,137,,,,,LLDP,,,,,,,,
3,s0cl1,1767116977.419169000,137,,,,,LLDP,,,,,,,,
3,s0cl1,1767116977.419254000,137,,,,,LLDP,,,,,,,,
3,s0cl1,1767116980.518845000,137,,,,,LLDP,,,,,,,,
3,s0cl1,1767116980.518916000,137,,,,,LLDP,,,,,,,,
3,s0cl1,1767116983.082781000,70,,,fe80::ac09:f1ff:feaf:82bd,ff02::2,ICMPv6,,,,,,,133,0
3,s0cl1,1767116983.618484000,137,,,,,LLDP,,,,,,,,
3,s0cl1,1767116983.618526000,137,,,,,LLDP,,,,,,,,
3,s0cl1,1767116986.719075000,137,,,,,LLDP,,,,,,,,
3,s0cl1,1767116986.719154000,137,,,,,LLDP,,,,,,,,
3,s0cl1,1767116989.818936000,137,,,,,LLDP,,,,,,,,
3,s0cl1,1767116989.819018000,137,,,,,LLDP,,,,,,,,
3,s0cl1,1767116992.918083000,137,,,,,LLDP,,,,,,,,
3,s0cl1,1767116992.918137000,137,,,,,LLDP,,,,,,,,
3,s0cl1,1767116996.019340000,137,,,,,LLDP,,,,,,,,
3,s0cl1,1767116996.019383000,137,,,,,LLDP,,,,,,,,
3,s0cl1,1767116999.118149000,137,,,,,LLDP,,,,,,,,
3,s0cl1,1767116999.118230000,137,,,,,LLDP,,,,,,,,
3,s0cl1,1767117002.218441000,137,,,,,LLDP,,,,,,,,
3,s0cl1,1767117002.218483000,137,,,,,LLDP,,,,,,,,
3,s0cl1,1767117005.318905000,137,,,,,LLDP,,,,,,,,
3,s0cl1,1767117005.318949000,137,,,,,LLDP,,,,,,,,
3,s0cl1,1767117008.419132000,137,,,,,LLDP,,,,,,,,
3,s0cl1,1767117008.419211000,137,,,,,LLDP,,,,,,,,
3,s0cl1,1767117011.518617000,137,,,,,LLDP,,,,,,,,
3,s0cl1,1767117011.518688000,137,,,,,LLDP,,,,,,,,
3,s0cl1,1767117014.619874000,137,,,,,LLDP,,,,,,,,
3,s0cl1,1767117014.619929000,137,,,,,LLDP,,,,,,,,
3,s0cl1,1767117017.719183000,137,,,,,LLDP,,,,,,,,
3,s0cl1,1767117017.719227000,137,,,,,LLDP,,,,,,,,
3,s0cl1,1767117020.818708000,137,,,,,LLDP,,,,,,,,
3,s0cl1,1767117020.818810000,137,,,,,LLDP,,,,,,,,
3,s0cl1,1767117023.918610000,137,,,,,LLDP,,,,,,,,
3,s0cl1,1767117023.918690000,137,,,,,LLDP,,,,,,,,
3,s0cl1,1767117027.018880000,137,,,,,LLDP,,,,,,,,
3,s0cl1,1767117027.018936000,137,,,,,LLDP,,,,,,,,
3,s0cl1,1767117030.118089000,137,,,,,LLDP,,,,,,,,
3,s0cl1,1767117030.118131000,137,,,,,LLDP,,,,,,,,
3,s0cl1,1767117033.218653000,137,,,,,LLDP,,,,,,,,
3,s0cl1,1767117033.218734000,137,,,,,LLDP,,,,,,,,
3,s0cl1,1767117036.319347000,137,,,,,LLDP,,,,,,,,
3,s0cl1,1767117036.319404000,137,,,,,LLDP,,,,,,,,
3,s0cl1,1767117039.418283000,137,,,,,LLDP,,,,,,,,
3,s0cl1,1767117039.418328000,137,,,,,LLDP,,,,,,,,
3,s0cl1,1767117042.518328000,137,,,,,LLDP,,,,,,,,
3,s0cl1,1767117042.518370000,137,,,,,LLDP,,,,,,,,
3,s0cl1,1767117045.619324000,137,,,,,LLDP,,,,,,,,
3,s0cl1,1767117045.619387000,137,,,,,LLDP,,,,,,,,
3,s0cl1,1767117048.719116000,137,,,,,LLDP,,,,,,,,
3,s0cl1,1767117048.719172000,137,,,,,LLDP,,,,,,,,
3,s0cl1,1767117051.818771000,137,,,,,LLDP,,,,,,,,
3,s0cl1,1767117051.818816000,137,,,,,LLDP,,,,,,,,
3,s0cl1,1767117054.919602000,137,,,,,LLDP,,,,,,,,
3,s0cl1,1767117054.919645000,137,,,,,LLDP,,,,,,,,
3,s0cl1,1767117058.018814000,137,,,,,LLDP,,,,,,,,
3,s0cl1,1767117058.018887000,137,,,,,LLDP,,,,,,,,
3,s0cl1,1767117061.118976000,137,,,,,LLDP,,,,,,,,
3,s0cl1,1767117061.119019000,137,,,,,LLDP,,,,,,,,
3,s0cl1,1767117064.218943000,137,,,,,LLDP,,,,,,,,
3,s0cl1,1767117064.218998000,137,,,,,LLDP,,,,,,,,
3,s0cl1,1767117067.318857000,137,,,,,LLDP,,,,,,,,
3,s0cl1,1767117067.318898000,137,,,,,LLDP,,,,,,,,
3,s0cl1,1767117070.418982000,137,,,,,LLDP,,,,,,,,
3,s0cl1,1767117070.419026000,137,,,,,LLDP,,,,,,,,
3,s0cl2,1767116955.719090000,137,,,,,LLDP,,,,,,,,
3,s0cl2,1767116955.719134000,137,,,,,LLDP,,,,,,,,
3,s0cl2,1767116958.818505000,137,,,,,LLDP,,,,,,,,
3,s0cl2,1767116958.818548000,137,,,,,LLDP,,,,,,,,
3,s0cl2,1767116961.919667000,137,,,,,LLDP,,,,,,,,
3,s0cl2,1767116961.919759000,137,,,,,LLDP,,,,,,,,
3,s0cl2,1767116965.019544000,137,,,,,LLDP,,,,,,,,
3,s0cl2,1767116965.019586000,137,,,,,LLDP,,,,,,,,
3,s0cl2,1767116968.119226000,137,,,,,LLDP,,,,,,,,
3,s0cl2,1767116968.119269000,137,,,,,LLDP,,,,,,,,
3,s0cl2,1767116971.219036000,137,,,,,LLDP,,,,,,,,
3,s0cl2,1767116971.219078000,137,,,,,LLDP,,,,,,,,
3,s0cl2,1767116974.318836000,137,,,,,LLDP,,,,,,,,
3,s0cl2,1767116974.318889000,137,,,,,LLDP,,,,,,,,
3,s0cl2,1767116977.419348000,137,,,,,LLDP,,,,,,,,
3,s0cl2,1767116977.419431000,137,,,,,LLDP,,,,,,,,
3,s0cl2,1767116980.518960000,137,,,,,LLDP,,,,,,,,
3,s0cl2,1767116980.519126000,137,,,,,LLDP,,,,,,,,
3,s0cl2,1767116983.618567000,137,,,,,LLDP,,,,,,,,
3,s0cl2,1767116983.618836000,137,,,,,LLDP,,,,,,,,
3,s0cl2,1767116986.719225000,137,,,,,LLDP,,,,,,,,
3,s0cl2,1767116986.719326000,137,,,,,LLDP,,,,,,,,
3,s0cl2,1767116989.819102000,137,,,,,LLDP,,,,,,,,
3,s0cl2,1767116989.819188000,137,,,,,LLDP,,,,,,,,
3,s0cl2,1767116992.918178000,137,,,,,LLDP,,,,,,,,
3,s0cl2,1767116992.918220000,137,,,,,LLDP,,,,,,,,
3,s0cl2,1767116996.019430000,137,,,,,LLDP,,,,,,,,
3,s0cl2,1767116996.019472000,137,,,,,LLDP,,,,,,,,
3,s0cl2,1767116999.118290000,137,,,,,LLDP,,,,,,,,
3,s0cl2,1767116999.118498000,137,,,,,LLDP,,,,,,,,
3,s0cl2,1767117002.218527000,137,,,,,LLDP,,,,,,,,
3,s0cl2,1767117002.218591000,137,,,,,LLDP,,,,,,,,
3,s0cl2,1767117005.318990000,137,,,,,LLDP,,,,,,,,
3,s0cl2,1767117005.319032000,137,,,,,LLDP,,,,,,,,
3,s0cl2,1767117008.419309000,137,,,,,LLDP,,,,,,,,
3,s0cl2,1767117008.419401000,137,,,,,LLDP,,,,,,,,
3,s0cl2,1767117011.518794000,137,,,,,LLDP,,,,,,,,
3,s0cl2,1767117011.518861000,137,,,,,LLDP,,,,,,,,
3,s0cl2,1767117014.620006000,137,,,,,LLDP,,,,,,,,
3,s0cl2,1767117014.620087000,137,,,,,LLDP,,,,,,,,
3,s0cl2,1767117017.719305000,137,,,,,LLDP,,,,,,,,
3,s0cl2,1767117017.719376000,137,,,,,LLDP,,,,,,,,
3,s0cl2,1767117020.818854000,137,,,,,LLDP,,,,,,,,
3,s0cl2,1767117020.818895000,137,,,,,LLDP,,,,,,,,
3,s0cl2,1767117023.918797000,137,,,,,LLDP,,,,,,,,
3,s0cl2,1767117023.918885000,137,,,,,LLDP,,,,,,,,
3,s0cl2,1767117027.018978000,137,,,,,LLDP,,,,,,,,
3,s0cl2,1767117027.019018000,137,,,,,LLDP,,,,,,,,
3,s0cl2,1767117030.118170000,137,,,,,LLDP,,,,,,,,
3,s0cl2,1767117030.118211000,137,,,,,LLDP,,,,,,,,
3,s0cl2,1767117033.218804000,137,,,,,LLDP,,,,,,,,
3,s0cl2,1767117033.218878000,137,,,,,LLDP,,,,,,,,
3,s0cl2,1767117036.319446000,137,,,,,LLDP,,,,,,,,
3,s0cl2,1767117036.319489000,137,,,,,LLDP,,,,,,,,
3,s0cl2,1767117039.418370000,137,,,,,LLDP,,,,,,,,
3,s0cl2,1767117039.418425000,137,,,,,LLDP,,,,,,,,
3,s0cl2,1767117042.518411000,137,,,,,LLDP,,,,,,,,
3,s0cl2,1767117042.518578000,137,,,,,LLDP,,,,,,,,
3,s0cl2,1767117045.619443000,137,,,,,LLDP,,,,,,,,
3,s0cl2,1767117045.619487000,137,,,,,LLDP,,,,,,,,
3,s0cl2,1767117048.719212000,137,,,,,LLDP,,,,,,,,
3,s0cl2,1767117048.719288000,137,,,,,LLDP,,,,,,,,
3,s0cl2,1767117051.818868000,137,,,,,LLDP,,,,,,,,
3,s0cl2,1767117051.818921000,137,,,,,LLDP,,,,,,,,
3,s0cl2,1767117054.919685000,137,,,,,LLDP,,,,,,,,
3,s0cl2,1767117054.919726000,137,,,,,LLDP,,,,,,,,
3,s0cl2,1767117058.018955000,137,,,,,LLDP,,,,,,,,
3,s0cl2,1767117058.019036000,137,,,,,LLDP,,,,,,,,
3,s0cl2,1767117061.119060000,137,,,,,LLDP,,,,,,,,
3,s0cl2,1767117061.119268000,137,,,,,LLDP,,,,,,,,
3,s0cl2,1767117064.219052000,137,,,,,LLDP,,,,,,,,
3,s0cl2,1767117064.219096000,137,,,,,LLDP,,,,,,,,
3,s0cl2,1767117067.318938000,137,,,,,LLDP,,,,,,,,
3,s0cl2,1767117067.318984000,137,,,,,LLDP,,,,,,,,
3,s0cl2,1767117070.419068000,137,,,,,LLDP,,,,,,,,
3,s0cl2,1767117070.419121000,137,,,,,LLDP,,,,,,,,
3,s0ds0,1767116955.719175000,137,,,,,LLDP,,,,,,,,
3,s0ds0,1767116955.719250000,137,,,,,LLDP,,,,,,,,
3,s0ds0,1767116958.818609000,137,,,,,LLDP,,,,,,,,
3,s0ds0,1767116958.818653000,137,,,,,LLDP,,,,,,,,
3,s0ds0,1767116961.919856000,137,,,,,LLDP,,,,,,,,
3,s0ds0,1767116961.919988000,137,,,,,LLDP,,,,,,,,
3,s0ds0,1767116965.019664000,137,,,,,LLDP,,,,,,,,
3,s0ds0,1767116965.019889000,137,,,,,LLDP,,,,,,,,
3,s0ds0,1767116966.698810000,70,,,fe80::643e:3ff:feee:6c76,ff02::2,ICMPv6,,,,,,,133,0
3,s0ds0,1767116968.119351000,137,,,,,LLDP,,,,,,,,
3,s0ds0,1767116968.119399000,137,,,,,LLDP,,,,,,,,
3,s0ds0,1767116971.219120000,137,,,,,LLDP,,,,,,,,
3,s0ds0,1767116971.219243000,137,,,,,LLDP,,,,,,,,
3,s0ds0,1767116974.318929000,137,,,,,LLDP,,,,,,,,
3,s0ds0,1767116974.318999000,137,,,,,LLDP,,,,,,,,
3,s0ds0,1767116977.419505000,137,,,,,LLDP,,,,,,,,
3,s0ds0,1767116977.419626000,137,,,,,LLDP,,,,,,,,
3,s0ds0,1767116980.519172000,137,,,,,LLDP,,,,,,,,
3,s0ds0,1767116980.519251000,137,,,,,LLDP,,,,,,,,
3,s0ds0,1767116983.618919000,137,,,,,LLDP,,,,,,,,
3,s0ds0,1767116983.619112000,137,,,,,LLDP,,,,,,,,
3,s0ds0,1767116986.719412000,137,,,,,LLDP,,,,,,,,
3,s0ds0,1767116986.719525000,137,,,,,LLDP,,,,,,,,
3,s0ds0,1767116989.819266000,137,,,,,LLDP,,,,,,,,
3,s0ds0,1767116989.819441000,137,,,,,LLDP,,,,,,,,
3,s0ds0,1767116992.918320000,137,,,,,LLDP,,,,,,,,
3,s0ds0,1767116992.918377000,137,,,,,LLDP,,,,,,,,
3,s0ds0,1767116996.019513000,137,,,,,LLDP,,,,,,,,
3,s0ds0,1767116996.019587000,137,,,,,LLDP,,,,,,,,
3,s0ds0,1767116999.118576000,137,,,,,LLDP,,,,,,,,
3,s0ds0,1767116999.118849000,137,,,,,LLDP,,,,,,,,
3,s0ds0,1767116999.466821000,70,,,fe80::38a5:2aff:feb2:7628,ff02::2,ICMPv6,,,,,,,133,0
3,s0ds0,1767117002.218633000,137,,,,,LLDP,,,,,,,,
3,s0ds0,1767117002.218748000,137,,,,,LLDP,,,,,,,,
3,s0ds0,1767117005.319072000,137,,,,,LLDP,,,,,,,,
3,s0ds0,1767117005.319141000,137,,,,,LLDP,,,,,,,,
3,s0ds0,1767117008.419474000,137,,,,,LLDP,,,,,,,,
3,s0ds0,1767117008.419612000,137,,,,,LLDP,,,,,,,,
3,s0ds0,1767117011.518934000,137,,,,,LLDP,,,,,,,,
3,s0ds0,1767117011.519003000,137,,,,,LLDP,,,,,,,,
3,s0ds0,1767117014.620167000,137,,,,,LLDP,,,,,,,,
3,s0ds0,1767117014.620299000,137,,,,,LLDP,,,,,,,,
3,s0ds0,1767117017.719452000,137,,,,,LLDP,,,,,,,,
3,s0ds0,1767117017.719568000,137,,,,,LLDP,,,,,,,,
3,s0ds0,1767117020.818935000,137,,,,,LLDP,,,,,,,,
3,s0ds0,1767117020.819014000,137,,,,,LLDP,,,,,,,,
3,s0ds0,1767117023.918968000,137,,,,,LLDP,,,,,,,,
3,s0ds0,1767117023.919087000,137,,,,,LLDP,,,,,,,,
3,s0ds0,1767117027.019061000,137,,,,,LLDP,,,,,,,,
3,s0ds0,1767117027.019130000,137,,,,,LLDP,,,,,,,,
3,s0ds0,1767117030.118285000,137,,,,,LLDP,,,,,,,,
3,s0ds0,1767117030.118368000,137,,,,,LLDP,,,,,,,,
3,s0ds0,1767117033.218943000,137,,,,,LLDP,,,,,,,,
3,s0ds0,1767117033.219023000,137,,,,,LLDP,,,,,,,,
3,s0ds0,1767117036.319531000,137,,,,,LLDP,,,,,,,,
3,s0ds0,1767117036.319614000,137,,,,,LLDP,,,,,,,,
3,s0ds0,1767117039.418465000,137,,,,,LLDP,,,,,,,,
3,s0ds0,1767117039.418531000,137,,,,,LLDP,,,,,,,,
3,s0ds0,1767117042.518623000,137,,,,,LLDP,,,,,,,,
3,s0ds0,1767117042.518666000,137,,,,,LLDP,,,,,,,,
3,s0ds0,1767117045.619541000,137,,,,,LLDP,,,,,,,,
3,s0ds0,1767117045.619630000,137,,,,,LLDP,,,,,,,,
3,s0ds0,1767117048.719344000,137,,,,,LLDP,,,,,,,,
3,s0ds0,1767117048.719412000,137,,,,,LLDP,,,,,,,,
3,s0ds0,1767117051.818961000,137,,,,,LLDP,,,,,,,,
3,s0ds0,1767117051.819030000,137,,,,,LLDP,,,,,,,,
3,s0ds0,1767117054.919767000,137,,,,,LLDP,,,,,,,,
3,s0ds0,1767117054.919837000,137,,,,,LLDP,,,,,,,,
3,s0ds0,1767117058.019111000,137,,,,,LLDP,,,,,,,,
3,s0ds0,1767117058.019180000,137,,,,,LLDP,,,,,,,,
3,s0ds0,1767117061.119320000,137,,,,,LLDP,,,,,,,,
3,s0ds0,1767117061.119365000,137,,,,,LLDP,,,,,,,,
3,s0ds0,1767117064.219175000,137,,,,,LLDP,,,,,,,,
3,s0ds0,1767117064.219881000,137,,,,,LLDP,,,,,,,,
3,s0ds0,1767117067.319025000,137,,,,,LLDP,,,,,,,,
3,s0ds0,1767117067.319092000,137,,,,,LLDP,,,,,,,,
3,s0ds0,1767117070.419174000,137,,,,,LLDP,,,,,,,,
3,s0ds0,1767117070.419288000,137,,,,,LLDP,,,,,,,,
3,s1cl3,1767116955.619753000,137,,,,,LLDP,,,,,,,,
3,s1cl3,1767116955.619805000,137,,,,,LLDP,,,,,,,,
3,s1cl3,1767116958.719120000,137,,,,,LLDP,,,,,,,,
3,s1cl3,1767116958.719189000,137,,,,,LLDP,,,,,,,,
3,s1cl3,1767116961.819024000,137,,,,,LLDP,,,,,,,,
3,s1cl3,1767116961.819103000,137,,,,,LLDP,,,,,,,,
3,s1cl3,1767116964.919357000,137,,,,,LLDP,,,,,,,,
3,s1cl3,1767116964.919429000,137,,,,,LLDP,,,,,,,,
3,s1cl3,1767116968.019088000,137,,,,,LLDP,,,,,,,,
3,s1cl3,1767116968.019136000,137,,,,,LLDP,,,,,,,,
3,s1cl3,1767116971.118936000,137,,,,,LLDP,,,,,,,,
3,s1cl3,1767116971.118982000,137,,,,,LLDP,,,,,,,,
3,s1cl3,1767116974.218650000,137,,,,,LLDP,,,,,,,,
3,s1cl3,1767116974.218745000,137,,,,,LLDP,,,,,,,,
3,s1cl3,1767116977.319049000,137,,,,,LLDP,,,,,,,,
3,s1cl3,1767116977.319107000,137,,,,,LLDP,,,,,,,,
3,s1cl3,1767116980.418944000,137,,,,,LLDP,,,,,,,,
3,s1cl3,1767116980.418990000,137,,,,,LLDP,,,,,,,,
3,s1cl3,1767116983.518934000,137,,,,,LLDP,,,,,,,,
3,s1cl3,1767116983.518982000,137,,,,,LLDP,,,,,,,,
3,s1cl3,1767116986.618610000,137,,,,,LLDP,,,,,,,,
3,s1cl3,1767116986.618674000,137,,,,,LLDP,,,,,,,,
3,s1cl3,1767116989.719045000,137,,,,,LLDP,,,,,,,,
3,s1cl3,1767116989.719091000,137,,,,,LLDP,,,,,,,,
3,s1cl3,1767116992.818874000,137,,,,,LLDP,,,,,,,,
3,s1cl3,1767116992.818935000,137,,,,,LLDP,,,,,,,,
3,s1cl3,1767116995.919540000,137,,,,,LLDP,,,,,,,,
3,s1cl3,1767116995.919590000,137,,,,,LLDP,,,,,,,,
3,s1cl3,1767116999.018509000,137,,,,,LLDP,,,,,,,,
3,s1cl3,1767116999.018558000,137,,,,,LLDP,,,,,,,,
3,s1cl3,1767117002.119947000,137,,,,,LLDP,,,,,,,,
3,s1cl3,1767117002.120010000,137,,,,,LLDP,,,,,,,,
3,s1cl3,1767117005.218734000,137,,,,,LLDP,,,,,,,,
3,s1cl3,1767117005.218792000,137,,,,,LLDP,,,,,,,,
3,s1cl3,1767117008.319430000,137,,,,,LLDP,,,,,,,,
3,s1cl3,1767117008.319507000,137,,,,,LLDP,,,,,,,,
3,s1cl3,1767117011.419045000,137,,,,,LLDP,,,,,,,,
3,s1cl3,1767117011.419093000,137,,,,,LLDP,,,,,,,,
3,s1cl3,1767117014.518600000,137,,,,,LLDP,,,,,,,,
3,s1cl3,1767117014.518673000,137,,,,,LLDP,,,,,,,,
3,s1cl3,1767117017.618895000,137,,,,,LLDP,,,,,,,,
3,s1cl3,1767117017.618950000,137,,,,,LLDP,,,,,,,,
3,s1cl3,1767117020.719485000,137,,,,,LLDP,,,,,,,,
3,s1cl3,1767117020.719554000,137,,,,,LLDP,,,,,,,,
3,s1cl3,1767117023.818789000,137,,,,,LLDP,,,,,,,,
3,s1cl3,1767117023.818864000,137,,,,,LLDP,,,,,,,,
3,s1cl3,1767117026.919443000,137,,,,,LLDP,,,,,,,,
3,s1cl3,1767117026.919519000,137,,,,,LLDP,,,,,,,,
3,s1cl3,1767117030.018688000,137,,,,,LLDP,,,,,,,,
3,s1cl3,1767117030.018773000,137,,,,,LLDP,,,,,,,,
3,s1cl3,1767117033.119082000,137,,,,,LLDP,,,,,,,,
3,s1cl3,1767117033.119131000,137,,,,,LLDP,,,,,,,,
3,s1cl3,1767117036.219997000,137,,,,,LLDP,,,,,,,,
3,s1cl3,1767117036.220121000,137,,,,,LLDP,,,,,,,,
3,s1cl3,1767117039.319044000,137,,,,,LLDP,,,,,,,,
3,s1cl3,1767117039.319117000,137,,,,,LLDP,,,,,,,,
3,s1cl3,1767117042.419305000,137,,,,,LLDP,,,,,,,,
3,s1cl3,1767117042.419366000,137,,,,,LLDP,,,,,,,,
3,s1cl3,1767117045.519429000,137,,,,,LLDP,,,,,,,,
3,s1cl3,1767117045.519540000,137,,,,,LLDP,,,,,,,,
3,s1cl3,1767117048.618605000,137,,,,,LLDP,,,,,,,,
3,s1cl3,1767117048.618650000,137,,,,,LLDP,,,,,,,,
3,s1cl3,1767117051.719357000,137,,,,,LLDP,,,,,,,,
3,s1cl3,1767117051.719419000,137,,,,,LLDP,,,,,,,,
3,s1cl3,1767117054.819458000,137,,,,,LLDP,,,,,,,,
3,s1cl3,1767117054.819520000,137,,,,,LLDP,,,,,,,,
3,s1cl3,1767117057.918512000,137,,,,,LLDP,,,,,,,,
3,s1cl3,1767117057.918557000,137,,,,,LLDP,,,,,,,,
3,s1cl3,1767117061.018614000,137,,,,,LLDP,,,,,,,,
3,s1cl3,1767117061.018663000,137,,,,,LLDP,,,,,,,,
3,s1cl3,1767117064.118387000,137,,,,,LLDP,,,,,,,,
3,s1cl3,1767117064.118434000,137,,,,,LLDP,,,,,,,,
3,s1cl3,1767117067.218485000,137,,,,,LLDP,,,,,,,,
3,s1cl3,1767117067.218533000,137,,,,,LLDP,,,,,,,,
3,s1cl3,1767117070.318872000,137,,,,,LLDP,,,,,,,,
3,s1cl3,1767117070.318930000,137,,,,,LLDP,,,,,,,,
3,s1cl4,1767116955.619854000,137,,,,,LLDP,,,,,,,,
3,s1cl4,1767116955.619900000,137,,,,,LLDP,,,,,,,,
3,s1cl4,1767116958.719245000,137,,,,,LLDP,,,,,,,,
3,s1cl4,1767116958.719314000,137,,,,,LLDP,,,,,,,,
3,s1cl4,1767116961.819182000,137,,,,,LLDP,,,,,,,,
3,s1cl4,1767116961.819268000,137,,,,,LLDP,,,,,,,,
3,s1cl4,1767116964.919472000,137,,,,,LLDP,,,,,,,,
3,s1cl4,1767116964.919518000,137,,,,,LLDP,,,,,,,,
3,s1cl4,1767116968.019190000,137,,,,,LLDP,,,,,,,,
3,s1cl4,1767116968.019232000,137,,,,,LLDP,,,,,,,,
3,s1cl4,1767116971.119037000,137,,,,,LLDP,,,,,,,,
3,s1cl4,1767116971.119087000,137,,,,,LLDP,,,,,,,,
3,s1cl4,1767116974.218796000,137,,,,,LLDP,,,,,,,,
3,s1cl4,1767116974.218873000,137,,,,,LLDP,,,,,,,,
3,s1cl4,1767116977.319150000,137,,,,,LLDP,,,,,,,,
3,s1cl4,1767116977.319193000,137,,,,,LLDP,,,,,,,,
3,s1cl4,1767116980.419032000,137,,,,,LLDP,,,,,,,,
3,s1cl4,1767116980.419240000,137,,,,,LLDP,,,,,,,,
3,s1cl4,1767116983.519024000,137,,,,,LLDP,,,,,,,,
3,s1cl4,1767116983.519068000,137,,,,,LLDP,,,,,,,,
3,s1cl4,1767116986.618772000,137,,,,,LLDP,,,,,,,,
3,s1cl4,1767116986.618847000,137,,,,,LLDP,,,,,,,,
3,s1cl4,1767116989.719132000,137,,,,,LLDP,,,,,,,,
3,s1cl4,1767116989.719174000,137,,,,,LLDP,,,,,,,,
3,s1cl4,1767116992.818976000,137,,,,,LLDP,,,,,,,,
3,s1cl4,1767116992.819020000,137,,,,,LLDP,,,,,,,,
3,s1cl4,1767116995.919633000,137,,,,,LLDP,,,,,,,,
3,s1cl4,1767116995.919679000,137,,,,,LLDP,,,,,,,,
3,s1cl4,1767116999.018601000,137,,,,,LLDP,,,,,,,,
3,s1cl4,1767116999.018645000,137,,,,,LLDP,,,,,,,,
3,s1cl4,1767117002.120060000,137,,,,,LLDP,,,,,,,,
3,s1cl4,1767117002.120101000,137,,,,,LLDP,,,,,,,,
3,s1cl4,1767117005.218836000,137,,,,,LLDP,,,,,,,,
3,s1cl4,1767117005.218880000,137,,,,,LLDP,,,,,,,,
3,s1cl4,1767117008.319583000,137,,,,,LLDP,,,,,,,,
3,s1cl4,1767117008.319660000,137,,,,,LLDP,,,,,,,,
3,s1cl4,1767117011.419136000,137,,,,,LLDP,,,,,,,,
3,s1cl4,1767117011.419179000,137,,,,,LLDP,,,,,,,,
3,s1cl4,1767117014.518747000,137,,,,,LLDP,,,,,,,,
3,s1cl4,1767117014.518792000,137,,,,,LLDP,,,,,,,,
3,s1cl4,1767117017.618993000,137,,,,,LLDP,,,,,,,,
3,s1cl4,1767117017.619037000,137,,,,,LLDP,,,,,,,,
3,s1cl4,1767117020.719604000,137,,,,,LLDP,,,,,,,,
3,s1cl4,1767117020.719645000,137,,,,,LLDP,,,,,,,,
3,s1cl4,1767117023.818917000,137,,,,,LLDP,,,,,,,,
3,s1cl4,1767117023.818960000,137,,,,,LLDP,,,,,,,,
3,s1cl4,1767117026.919580000,137,,,,,LLDP,,,,,,,,
3,s1cl4,1767117026.919637000,137,,,,,LLDP,,,,,,,,
3,s1cl4,1767117030.018830000,137,,,,,LLDP,,,,,,,,
3,s1cl4,1767117030.018915000,137,,,,,LLDP,,,,,,,,
3,s1cl4,1767117033.119187000,137,,,,,LLDP,,,,,,,,
3,s1cl4,1767117033.119254000,137,,,,,LLDP,,,,,,,,
3,s1cl4,1767117036.221126000,137,,,,,LLDP,,,,,,,,
3,s1cl4,1767117036.221181000,137,,,,,LLDP,,,,,,,,
3,s1cl4,1767117039.319160000,137,,,,,LLDP,,,,,,,,
3,s1cl4,1767117039.319203000,137,,,,,LLDP,,,,,,,,
3,s1cl4,1767117042.419408000,137,,,,,LLDP,,,,,,,,
3,s1cl4,1767117042.419450000,137,,,,,LLDP,,,,,,,,
3,s1cl4,1767117045.519632000,137,,,,,LLDP,,,,,,,,
3,s1cl4,1767117045.519720000,137,,,,,LLDP,,,,,,,,
3,s1cl4,1767117048.618690000,137,,,,,LLDP,,,,,,,,
3,s1cl4,1767117048.618778000,137,,,,,LLDP,,,,,,,,
3,s1cl4,1767117051.719478000,137,,,,,LLDP,,,,,,,,
3,s1cl4,1767117051.719523000,137,,,,,LLDP,,,,,,,,
3,s1cl4,1767117054.819562000,137,,,,,LLDP,,,,,,,,
3,s1cl4,1767117054.819605000,137,,,,,LLDP,,,,,,,,
3,s1cl4,1767117057.918598000,137,,,,,LLDP,,,,,,,,
3,s1cl4,1767117057.918653000,137,,,,,LLDP,,,,,,,,
3,s1cl4,1767117061.018741000,137,,,,,LLDP,,,,,,,,
3,s1cl4,1767117061.018803000,137,,,,,LLDP,,,,,,,,
3,s1cl4,1767117064.118475000,137,,,,,LLDP,,,,,,,,
3,s1cl4,1767117064.118529000,137,,,,,LLDP,,,,,,,,
3,s1cl4,1767117067.218575000,137,,,,,LLDP,,,,,,,,
3,s1cl4,1767117067.218618000,137,,,,,LLDP,,,,,,,,
3,s1cl4,1767117070.318973000,137,,,,,LLDP,,,,,,,,
3,s1cl4,1767117070.319059000,137,,,,,LLDP,,,,,,,,
3,s1cl5,1767116955.619943000,137,,,,,LLDP,,,,,,,,
3,s1cl5,1767116955.620000000,137,,,,,LLDP,,,,,,,,
3,s1cl5,1767116958.719492000,137,,,,,LLDP,,,,,,,,
3,s1cl5,1767116958.719551000,137,,,,,LLDP,,,,,,,,
3,s1cl5,1767116961.819361000,137,,,,,LLDP,,,,,,,,
3,s1cl5,1767116961.819429000,137,,,,,LLDP,,,,,,,,
3,s1cl5,1767116964.919559000,137,,,,,LLDP,,,,,,,,
3,s1cl5,1767116964.919602000,137,,,,,LLDP,,,,,,,,
3,s1cl5,1767116968.019272000,137,,,,,LLDP,,,,,,,,
3,s1cl5,1767116968.019332000,137,,,,,LLDP,,,,,,,,
3,s1cl5,1767116971.119127000,137,,,,,LLDP,,,,,,,,
3,s1cl5,1767116971.119177000,137,,,,,LLDP,,,,,,,,
3,s1cl5,1767116974.218917000,137,,,,,LLDP,,,,,,,,
3,s1cl5,1767116974.218962000,137,,,,,LLDP,,,,,,,,
3,s1cl5,1767116977.319233000,137,,,,,LLDP,,,,,,,,
3,s1cl5,1767116977.319275000,137,,,,,LLDP,,,,,,,,
3,s1cl5,1767116980.419316000,137,,,,,LLDP,,,,,,,,
3,s1cl5,1767116980.419401000,137,,,,,LLDP,,,,,,,,
3,s1cl5,1767116983.519116000,137,,,,,LLDP,,,,,,,,
3,s1cl5,1767116983.519159000,137,,,,,LLDP,,,,,,,,
3,s1cl5,1767116986.618927000,137,,,,,LLDP,,,,,,,,
3,s1cl5,1767116986.619000000,137,,,,,LLDP,,,,,,,,
3,s1cl5,1767116989.719214000,137,,,,,LLDP,,,,,,,,
3,s1cl5,1767116989.719257000,137,,,,,LLDP,,,,,,,,
3,s1cl5,1767116992.819059000,137,,,,,LLDP,,,,,,,,
3,s1cl5,1767116992.819112000,137,,,,,LLDP,,,,,,,,
3,s1cl5,1767116995.919722000,137,,,,,LLDP,,,,,,,,
3,s1cl5,1767116995.919766000,137,,,,,LLDP,,,,,,,,
3,s1cl5,1767116999.018689000,137,,,,,LLDP,,,,,,,,
3,s1cl5,1767116999.018774000,137,,,,,LLDP,,,,,,,,
3,s1cl5,1767117002.120140000,137,,,,,LLDP,,,,,,,,
3,s1cl5,1767117002.120193000,137,,,,,LLDP,,,,,,,,
3,s1cl5,1767117005.218924000,137,,,,,LLDP,,,,,,,,
3,s1cl5,1767117005.218979000,137,,,,,LLDP,,,,,,,,
3,s1cl5,1767117008.319755000,137,,,,,LLDP,,,,,,,,
3,s1cl5,1767117008.319832000,137,,,,,LLDP,,,,,,,,
3,s1cl5,1767117011.419220000,137,,,,,LLDP,,,,,,,,
3,s1cl5,1767117011.419277000,137,,,,,LLDP,,,,,,,,
3,s1cl5,1767117014.518831000,137,,,,,LLDP,,,,,,,,
3,s1cl5,1767117014.518872000,137,,,,,LLDP,,,,,,,,
3,s1cl5,1767117017.619077000,137,,,,,LLDP,,,,,,,,
3,s1cl5,1767117017.619119000,137,,,,,LLDP,,,,,,,,
3,s1cl5,1767117020.719684000,137,,,,,LLDP,,,,,,,,
3,s1cl5,1767117020.719750000,137,,,,,LLDP,,,,,,,,
3,s1cl5,1767117023.819000000,137,,,,,LLDP,,,,,,,,
3,s1cl5,1767117023.819042000,137,,,,,LLDP,,,,,,,,
3,s1cl5,1767117026.919679000,137,,,,,LLDP,,,,,,,,
3,s1cl5,1767117026.919733000,137,,,,,LLDP,,,,,,,,
3,s1cl5,1767117030.018961000,137,,,,,LLDP,,,,,,,,
3,s1cl5,1767117030.019006000,137,,,,,LLDP,,,,,,,,
3,s1cl5,1767117033.119312000,137,,,,,LLDP,,,,,,,,
3,s1cl5,1767117033.119368000,137,,,,,LLDP,,,,,,,,
3,s1cl5,1767117036.221224000,137,,,,,LLDP,,,,,,,,
3,s1cl5,1767117036.221288000,137,,,,,LLDP,,,,,,,,
3,s1cl5,1767117039.319272000,137,,,,,LLDP,,,,,,,,
3,s1cl5,1767117039.319317000,137,,,,,LLDP,,,,,,,,
3,s1cl5,1767117042.419491000,137,,,,,LLDP,,,,,,,,
3,s1cl5,1767117042.419534000,137,,,,,LLDP,,,,,,,,
3,s1cl5,1767117045.519807000,137,,,,,LLDP,,,,,,,,
3,s1cl5,1767117045.519886000,137,,,,,LLDP,,,,,,,,
3,s1cl5,1767117048.618829000,137,,,,,LLDP,,,,,,,,
3,s1cl5,1767117048.618872000,137,,,,,LLDP,,,,,,,,
3,s1cl5,1767117051.719575000,137,,,,,LLDP,,,,,,,,
3,s1cl5,1767117051.719617000,137,,,,,LLDP,,,,,,,,
3,s1cl5,1767117054.819650000,137,,,,,LLDP,,,,,,,,
3,s1cl5,1767117054.819691000,137,,,,,LLDP,,,,,,,,
3,s1cl5,1767117057.918693000,137,,,,,LLDP,,,,,,,,
3,s1cl5,1767117057.918791000,137,,,,,LLDP,,,,,,,,
3,s1cl5,1767117061.018851000,137,,,,,LLDP,,,,,,,,
3,s1cl5,1767117061.018909000,137,,,,,LLDP,,,,,,,,
3,s1cl5,1767117064.118580000,137,,,,,LLDP,,,,,,,,
3,s1cl5,1767117064.118622000,137,,,,,LLDP,,,,,,,,
3,s1cl5,1767117067.218658000,137,,,,,LLDP,,,,,,,,
3,s1cl5,1767117067.218745000,137,,,,,LLDP,,,,,,,,
3,s1cl5,1767117070.319145000,137,,,,,LLDP,,,,,,,,
3,s1cl5,1767117070.319240000,137,,,,,LLDP,,,,,,,,
3,s1cl6,1767116955.620041000,137,,,,,LLDP,,,,,,,,
3,s1cl6,1767116955.620084000,137,,,,,LLDP,,,,,,,,
3,s1cl6,1767116958.719591000,137,,,,,LLDP,,,,,,,,
3,s1cl6,1767116958.719632000,137,,,,,LLDP,,,,,,,,
3,s1cl6,1767116961.819491000,137,,,,,LLDP,,,,,,,,
3,s1cl6,1767116961.819560000,137,,,,,LLDP,,,,,,,,
3,s1cl6,1767116964.919650000,137,,,,,LLDP,,,,,,,,
3,s1cl6,1767116964.919692000,137,,,,,LLDP,,,,,,,,
3,s1cl6,1767116966.698828000,70,,,fe80::e014:4bff:feb2:188f,ff02::2,ICMPv6,,,,,,,133,0
3,s1cl6,1767116968.019398000,137,,,,,LLDP,,,,,,,,
3,s1cl6,1767116968.019592000,137,,,,,LLDP,,,,,,,,
3,s1cl6,1767116971.119216000,137,,,,,LLDP,,,,,,,,
3,s1cl6,1767116971.119256000,137,,,,,LLDP,,,,,,,,
3,s1cl6,1767116974.219003000,137,,,,,LLDP,,,,,,,,
3,s1cl6,1767116974.219062000,137,,,,,LLDP,,,,,,,,
3,s1cl6,1767116977.319336000,137,,,,,LLDP,,,,,,,,
3,s1cl6,1767116977.319378000,137,,,,,LLDP,,,,,,,,
3,s1cl6,1767116980.419561000,137,,,,,LLDP,,,,,,,,
3,s1cl6,1767116980.419631000,137,,,,,LLDP,,,,,,,,
3,s1cl6,1767116983.519200000,137,,,,,LLDP,,,,,,,,
3,s1cl6,1767116983.519242000,137,,,,,LLDP,,,,,,,,
3,s1cl6,1767116986.619078000,137,,,,,LLDP,,,,,,,,
3,s1cl6,1767116986.619148000,137,,,,,LLDP,,,,,,,,
3,s1cl6,1767116989.719325000,137,,,,,LLDP,,,,,,,,
3,s1cl6,1767116989.719383000,137,,,,,LLDP,,,,,,,,
3,s1cl6,1767116992.819152000,137,,,,,LLDP,,,,,,,,
3,s1cl6,1767116992.819191000,137,,,,,LLDP,,,,,,,,
3,s1cl6,1767116995.919809000,137,,,,,LLDP,,,,,,,,
3,s1cl6,1767116995.919853000,137,,,,,LLDP,,,,,,,,
3,s1cl6,1767116999.018817000,137,,,,,LLDP,,,,,,,,
3,s1cl6,1767116999.018886000,137,,,,,LLDP,,,,,,,,
3,s1cl6,1767117002.120233000,137,,,,,LLDP,,,,,,,,
3,s1cl6,1767117002.120297000,137,,,,,LLDP,,,,,,,,
3,s1cl6,1767117005.219020000,137,,,,,LLDP,,,,,,,,
3,s1cl6,1767117005.219075000,137,,,,,LLDP,,,,,,,,
3,s1cl6,1767117008.319920000,137,,,,,LLDP,,,,,,,,
3,s1cl6,1767117008.320000000,137,,,,,LLDP,,,,,,,,
3,s1cl6,1767117011.419322000,137,,,,,LLDP,,,,,,,,
3,s1cl6,1767117011.419364000,137,,,,,LLDP,,,,,,,,
3,s1cl6,1767117014.518911000,137,,,,,LLDP,,,,,,,,
3,s1cl6,1767117014.518975000,137,,,,,LLDP,,,,,,,,
3,s1cl6,1767117017.619172000,137,,,,,LLDP,,,,,,,,
3,s1cl6,1767117017.619216000,137,,,,,LLDP,,,,,,,,
3,s1cl6,1767117020.719790000,137,,,,,LLDP,,,,,,,,
3,s1cl6,1767117020.719846000,137,,,,,LLDP,,,,,,,,
3,s1cl6,1767117023.819103000,137,,,,,LLDP,,,,,,,,
3,s1cl6,1767117023.819146000,137,,,,,LLDP,,,,,,,,
3,s1cl6,1767117026.919774000,137,,,,,LLDP,,,,,,,,
3,s1cl6,1767117026.919815000,137,,,,,LLDP,,,,,,,,
3,s1cl6,1767117030.019049000,137,,,,,LLDP,,,,,,,,
3,s1cl6,1767117030.019106000,137,,,,,LLDP,,,,,,,,
3,s1cl6,1767117033.119408000,137,,,,,LLDP,,,,,,,,
3,s1cl6,1767117033.119462000,137,,,,,LLDP,,,,,,,,
3,s1cl6,1767117036.221332000,137,,,,,LLDP,,,,,,,,
3,s1cl6,1767117036.221375000,137,,,,,LLDP,,,,,,,,
3,s1cl6,1767117039.319357000,137,,,,,LLDP,,,,,,,,
3,s1cl6,1767117039.319398000,137,,,,,LLDP,,,,,,,,
3,s1cl6,1767117042.419575000,137,,,,,LLDP,,,,,,,,
3,s1cl6,1767117042.419628000,137,,,,,LLDP,,,,,,,,
3,s1cl6,1767117045.519966000,137,,,,,LLDP,,,,,,,,
3,s1cl6,1767117045.520276000,137,,,,,LLDP,,,,,,,,
3,s1cl6,1767117048.618913000,137,,,,,LLDP,,,,,,,,
3,s1cl6,1767117048.618971000,137,,,,,LLDP,,,,,,,,
3,s1cl6,1767117051.719656000,137,,,,,LLDP,,,,,,,,
3,s1cl6,1767117051.719708000,137,,,,,LLDP,,,,,,,,
3,s1cl6,1767117054.819743000,137,,,,,LLDP,,,,,,,,
3,s1cl6,1767117054.819783000,137,,,,,LLDP,,,,,,,,
3,s1cl6,1767117057.918847000,137,,,,,LLDP,,,,,,,,
3,s1cl6,1767117057.918888000,137,,,,,LLDP,,,,,,,,
3,s1cl6,1767117061.018948000,137,,,,,LLDP,,,,,,,,
3,s1cl6,1767117061.019000000,137,,,,,LLDP,,,,,,,,
3,s1cl6,1767117064.118668000,137,,,,,LLDP,,,,,,,,
3,s1cl6,1767117064.118709000,137,,,,,LLDP,,,,,,,,
3,s1cl6,1767117067.218794000,137,,,,,LLDP,,,,,,,,
3,s1cl6,1767117067.218856000,137,,,,,LLDP,,,,,,,,
3,s1cl6,1767117070.319325000,137,,,,,LLDP,,,,,,,,
3,s1cl6,1767117070.319407000,137,,,,,LLDP,,,,,,,,
3,s1cl7,1767116955.620124000,137,,,,,LLDP,,,,,,,,
3,s1cl7,1767116955.620194000,137,,,,,LLDP,,,,,,,,
3,s1cl7,1767116958.719671000,137,,,,,LLDP,,,,,,,,
3,s1cl7,1767116958.719713000,137,,,,,LLDP,,,,,,,,
3,s1cl7,1767116961.819623000,137,,,,,LLDP,,,,,,,,
3,s1cl7,1767116961.819699000,137,,,,,LLDP,,,,,,,,
3,s1cl7,1767116964.919734000,137,,,,,LLDP,,,,,,,,
3,s1cl7,1767116964.919806000,137,,,,,LLDP,,,,,,,,
3,s1cl7,1767116968.019660000,137,,,,,LLDP,,,,,,,,
3,s1cl7,1767116968.019704000,137,,,,,LLDP,,,,,,,,
3,s1cl7,1767116971.119310000,137,,,,,LLDP,,,,,,,,
3,s1cl7,1767116971.119354000,137,,,,,LLDP,,,,,,,,
3,s1cl7,1767116974.219104000,137,,,,,LLDP,,,,,,,,
3,s1cl7,1767116974.219147000,137,,,,,LLDP,,,,,,,,
3,s1cl7,1767116977.319419000,137,,,,,LLDP,,,,,,,,
3,s1cl7,1767116977.319485000,137,,,,,LLDP,,,,,,,,
3,s1cl7,1767116980.419675000,137,,,,,LLDP,,,,,,,,
3,s1cl7,1767116980.419748000,137,,,,,LLDP,,,,,,,,
3,s1cl7,1767116983.519313000,137,,,,,LLDP,,,,,,,,
3,s1cl7,1767116983.519411000,137,,,,,LLDP,,,,,,,,
3,s1cl7,1767116986.619195000,137,,,,,LLDP,,,,,,,,
3,s1cl7,1767116986.619263000,137,,,,,LLDP,,,,,,,,
3,s1cl7,1767116989.719437000,137,,,,,LLDP,,,,,,,,
3,s1cl7,1767116989.719492000,137,,,,,LLDP,,,,,,,,
3,s1cl7,1767116992.819230000,137,,,,,LLDP,,,,,,,,
3,s1cl7,1767116992.819343000,137,,,,,LLDP,,,,,,,,
3,s1cl7,1767116995.919897000,137,,,,,LLDP,,,,,,,,
3,s1cl7,1767116995.919972000,137,,,,,LLDP,,,,,,,,
3,s1cl7,1767116999.018930000,137,,,,,LLDP,,,,,,,,
3,s1cl7,1767116999.019138000,137,,,,,LLDP,,,,,,,,
3,s1cl7,1767117002.120340000,137,,,,,LLDP,,,,,,,,
3,s1cl7,1767117002.120414000,137,,,,,LLDP,,,,,,,,
3,s1cl7,1767117005.219116000,137,,,,,LLDP,,,,,,,,
3,s1cl7,1767117005.219161000,137,,,,,LLDP,,,,,,,,
3,s1cl7,1767117008.320054000,137,,,,,LLDP,,,,,,,,
3,s1cl7,1767117008.320134000,137,,,,,LLDP,,,,,,,,
3,s1cl7,1767117011.419404000,137,,,,,LLDP,,,,,,,,
3,s1cl7,1767117011.419472000,137,,,,,LLDP,,,,,,,,
3,s1cl7,1767117014.519052000,137,,,,,LLDP,,,,,,,,
3,s1cl7,1767117014.519167000,137,,,,,LLDP,,,,,,,,
3,s1cl7,1767117017.619315000,137,,,,,LLDP,,,,,,,,
3,s1cl7,1767117017.619444000,137,,,,,LLDP,,,,,,,,
3,s1cl7,1767117020.719885000,137,,,,,LLDP,,,,,,,,
3,s1cl7,1767117020.719954000,137,,,,,LLDP,,,,,,,,
3,s1cl7,1767117023.819188000,137,,,,,LLDP,,,,,,,,
3,s1cl7,1767117023.819298000,137,,,,,LLDP,,,,,,,,
3,s1cl7,1767117026.919867000,137,,,,,LLDP,,,,,,,,
3,s1cl7,1767117026.919937000,137,,,,,LLDP,,,,,,,,
3,s1cl7,1767117030.019148000,137,,,,,LLDP,,,,,,,,
3,s1cl7,1767117030.019199000,137,,,,,LLDP,,,,,,,,
3,s1cl7,1767117033.119502000,137,,,,,LLDP,,,,,,,,
3,s1cl7,1767117033.119585000,137,,,,,LLDP,,,,,,,,
3,s1cl7,1767117036.221417000,137,,,,,LLDP,,,,,,,,
3,s1cl7,1767117036.221460000,137,,,,,LLDP,,,,,,,,
3,s1cl7,1767117039.319437000,137,,,,,LLDP,,,,,,,,
3,s1cl7,1767117039.319505000,137,,,,,LLDP,,,,,,,,
3,s1cl7,1767117042.419667000,137,,,,,LLDP,,,,,,,,
3,s1cl7,1767117042.419735000,137,,,,,LLDP,,,,,,,,
3,s1cl7,1767117045.520346000,137,,,,,LLDP,,,,,,,,
3,s1cl7,1767117045.520392000,137,,,,,LLDP,,,,,,,,
3,s1cl7,1767117048.619010000,137,,,,,LLDP,,,,,,,,
3,s1cl7,1767117048.619052000,137,,,,,LLDP,,,,,,,,
3,s1cl7,1767117051.719746000,137,,,,,LLDP,,,,,,,,
3,s1cl7,1767117051.719824000,137,,,,,LLDP,,,,,,,,
3,s1cl7,1767117054.819836000,137,,,,,LLDP,,,,,,,,
3,s1cl7,1767117054.819904000,137,,,,,LLDP,,,,,,,,
3,s1cl7,1767117057.918940000,137,,,,,LLDP,,,,,,,,
3,s1cl7,1767117057.919012000,137,,,,,LLDP,,,,,,,,
3,s1cl7,1767117061.019040000,137,,,,,LLDP,,,,,,,,
3,s1cl7,1767117061.019110000,137,,,,,LLDP,,,,,,,,
3,s1cl7,1767117064.118799000,137,,,,,LLDP,,,,,,,,
3,s1cl7,1767117064.118871000,137,,,,,LLDP,,,,,,,,
3,s1cl7,1767117067.218903000,137,,,,,LLDP,,,,,,,,
3,s1cl7,1767117067.218971000,137,,,,,LLDP,,,,,,,,
3,s1cl7,1767117070.319485000,137,,,,,LLDP,,,,,,,,
3,s1cl7,1767117070.319617000,137,,,,,LLDP,,,,,,,,
3,s2cl10,1767116955.720440000,138,,,,,LLDP,,,,,,,,
3,s2cl10,1767116955.720540000,138,,,,,LLDP,,,,,,,,
3,s2cl10,1767116958.819844000,138,,,,,LLDP,,,,,,,,
3,s2cl10,1767116958.819921000,138,,,,,LLDP,,,,,,,,
3,s2cl10,1767116961.921344000,138,,,,,LLDP,,,,,,,,
3,s2cl10,1767116961.921408000,138,,,,,LLDP,,,,,,,,
3,s2cl10,1767116965.021397000,138,,,,,LLDP,,,,,,,,
3,s2cl10,1767116965.021517000,138,,,,,LLDP,,,,,,,,
3,s2cl10,1767116968.120404000,138,,,,,LLDP,,,,,,,,
3,s2cl10,1767116968.120660000,138,,,,,LLDP,,,,,,,,
3,s2cl10,1767116971.219799000,138,,,,,LLDP,,,,,,,,
3,s2cl10,1767116971.219863000,138,,,,,LLDP,,,,,,,,
3,s2cl10,1767116974.319931000,138,,,,,LLDP,,,,,,,,
3,s2cl10,1767116974.319969000,138,,,,,LLDP,,,,,,,,
3,s2cl10,1767116977.420908000,138,,,,,LLDP,,,,,,,,
3,s2cl10,1767116977.420951000,138,,,,,LLDP,,,,,,,,
3,s2cl10,1767116980.520937000,138,,,,,LLDP,,,,,,,,
3,s2cl10,1767116980.520990000,138,,,,,LLDP,,,,,,,,
3,s2cl10,1767116983.082782000,70,,,fe80::5492:30ff:fec7:4b67,ff02::2,ICMPv6,,,,,,,133,0
3,s2cl10,1767116983.620508000,138,,,,,LLDP,,,,,,,,
3,s2cl10,1767116983.620549000,138,,,,,LLDP,,,,,,,,
3,s2cl10,1767116986.720111000,138,,,,,LLDP,,,,,,,,
3,s2cl10,1767116986.720187000,138,,,,,LLDP,,,,,,,,
3,s2cl10,1767116989.820407000,138,,,,,LLDP,,,,,,,,
3,s2cl10,1767116989.820498000,138,,,,,LLDP,,,,,,,,
3,s2cl10,1767116992.919627000,138,,,,,LLDP,,,,,,,,
3,s2cl10,1767116992.919668000,138,,,,,LLDP,,,,,,,,
3,s2cl10,1767116996.020815000,138,,,,,LLDP,,,,,,,,
3,s2cl10,1767116996.020922000,138,,,,,LLDP,,,,,,,,
3,s2cl10,1767116999.120193000,138,,,,,LLDP,,,,,,,,
3,s2cl10,1767116999.120237000,138,,,,,LLDP,,,,,,,,
3,s2cl10,1767117002.219970000,138,,,,,LLDP,,,,,,,,
3,s2cl10,1767117002.220153000,138,,,,,LLDP,,,,,,,,
3,s2cl10,1767117005.320561000,138,,,,,LLDP,,,,,,,,
3,s2cl10,1767117005.320659000,138,,,,,LLDP,,,,,,,,
3,s2cl10,1767117008.420077000,138,,,,,LLDP,,,,,,,,
3,s2cl10,1767117008.420131000,138,,,,,LLDP,,,,,,,,
3,s2cl10,1767117011.519991000,138,,,,,LLDP,,,,,,,,
3,s2cl10,1767117011.520083000,138,,,,,LLDP,,,,,,,,
3,s2cl10,1767117014.620907000,138,,,,,LLDP,,,,,,,,
3,s2cl10,1767117014.620982000,138,,,,,LLDP,,,,,,,,
3,s2cl10,1767117017.720198000,138,,,,,LLDP,,,,,,,,
3,s2cl10,1767117017.720292000,138,,,,,LLDP,,,,,,,,
3,s2cl10,1767117020.820011000,138,,,,,LLDP,,,,,,,,
3,s2cl10,1767117020.820053000,138,,,,,LLDP,,,,,,,,
3,s2cl10,1767117023.919545000,138,,,,,LLDP,,,,,,,,
3,s2cl10,1767117023.919591000,138,,,,,LLDP,,,,,,,,
3,s2cl10,1767117027.019894000,138,,,,,LLDP,,,,,,,,
3,s2cl10,1767117027.019950000,138,,,,,LLDP,,,,,,,,
3,s2cl10,1767117030.119747000,138,,,,,LLDP,,,,,,,,
3,s2cl10,1767117030.119867000,138,,,,,LLDP,,,,,,,,
3,s2cl10,1767117033.219875000,138,,,,,LLDP,,,,,,,,
3,s2cl10,1767117033.219962000,138,,,,,LLDP,,,,,,,,
3,s2cl10,1767117036.320790000,138,,,,,LLDP,,,,,,,,
3,s2cl10,1767117036.320831000,138,,,,,LLDP,,,,,,,,
3,s2cl10,1767117039.419314000,138,,,,,LLDP,,,,,,,,
3,s2cl10,1767117039.419380000,138,,,,,LLDP,,,,,,,,
3,s2cl10,1767117042.519398000,138,,,,,LLDP,,,,,,,,
3,s2cl10,1767117042.519439000,138,,,,,LLDP,,,,,,,,
3,s2cl10,1767117045.620905000,138,,,,,LLDP,,,,,,,,
3,s2cl10,1767117045.620986000,138,,,,,LLDP,,,,,,,,
3,s2cl10,1767117048.720272000,138,,,,,LLDP,,,,,,,,
3,s2cl10,1767117048.720317000,138,,,,,LLDP,,,,,,,,
3,s2cl10,1767117051.820077000,138,,,,,LLDP,,,,,,,,
3,s2cl10,1767117051.820129000,138,,,,,LLDP,,,,,,,,
3,s2cl10,1767117054.920499000,138,,,,,LLDP,,,,,,,,
3,s2cl10,1767117054.920542000,138,,,,,LLDP,,,,,,,,
3,s2cl10,1767117058.019846000,138,,,,,LLDP,,,,,,,,
3,s2cl10,1767117058.019915000,138,,,,,LLDP,,,,,,,,
3,s2cl10,1767117061.120558000,138,,,,,LLDP,,,,,,,,
3,s2cl10,1767117061.120635000,138,,,,,LLDP,,,,,,,,
3,s2cl10,1767117064.220332000,138,,,,,LLDP,,,,,,,,
3,s2cl10,1767117064.220517000,138,,,,,LLDP,,,,,,,,
3,s2cl10,1767117067.319854000,138,,,,,LLDP,,,,,,,,
3,s2cl10,1767117067.319919000,138,,,,,LLDP,,,,,,,,
3,s2cl10,1767117070.420452000,138,,,,,LLDP,,,,,,,,
3,s2cl10,1767117070.420490000,138,,,,,LLDP,,,,,,,,
3,s2cl8,1767116955.720105000,137,,,,,LLDP,,,,,,,,
3,s2cl8,1767116955.720215000,137,,,,,LLDP,,,,,,,,
3,s2cl8,1767116958.819664000,137,,,,,LLDP,,,,,,,,
3,s2cl8,1767116958.819718000,137,,,,,LLDP,,,,,,,,
3,s2cl8,1767116961.921147000,137,,,,,LLDP,,,,,,,,
3,s2cl8,1767116961.921193000,137,,,,,LLDP,,,,,,,,
3,s2cl8,1767116965.021039000,137,,,,,LLDP,,,,,,,,
3,s2cl8,1767116965.021132000,137,,,,,LLDP,,,,,,,,
3,s2cl8,1767116966.698815000,70,,,fe80::d828:e0ff:fe85:8d70,ff02::2,ICMPv6,,,,,,,133,0
3,s2cl8,1767116968.120143000,137,,,,,LLDP,,,,,,,,
3,s2cl8,1767116968.120189000,137,,,,,LLDP,,,,,,,,
3,s2cl8,1767116971.219636000,137,,,,,LLDP,,,,,,,,
3,s2cl8,1767116971.219680000,137,,,,,LLDP,,,,,,,,
3,s2cl8,1767116974.319760000,137,,,,,LLDP,,,,,,,,
3,s2cl8,1767116974.319815000,137,,,,,LLDP,,,,,,,,
3,s2cl8,1767116977.420618000,137,,,,,LLDP,,,,,,,,
3,s2cl8,1767116977.420697000,137,,,,,LLDP,,,,,,,,
3,s2cl8,1767116980.520694000,137,,,,,LLDP,,,,,,,,
3,s2cl8,1767116980.520809000,137,,,,,LLDP,,,,,,,,
3,s2cl8,1767116983.620271000,137,,,,,LLDP,,,,,,,,
3,s2cl8,1767116983.620370000,137,,,,,LLDP,,,,,,,,
3,s2cl8,1767116986.719918000,137,,,,,LLDP,,,,,,,,
3,s2cl8,1767116986.719966000,137,,,,,LLDP,,,,,,,,
3,s2cl8,1767116989.820074000,137,,,,,LLDP,,,,,,,,
3,s2cl8,1767116989.820149000,137,,,,,LLDP,,,,,,,,
3,s2cl8,1767116992.919421000,137,,,,,LLDP,,,,,,,,
3,s2cl8,1767116992.919502000,137,,,,,LLDP,,,,,,,,
3,s2cl8,1767116996.020452000,137,,,,,LLDP,,,,,,,,
3,s2cl8,1767116996.020548000,137,,,,,LLDP,,,,,,,,
3,s2cl8,1767116999.119695000,137,,,,,LLDP,,,,,,,,
3,s2cl8,1767116999.119766000,137,,,,,LLDP,,,,,,,,
3,s2cl8,1767117002.219473000,137,,,,,LLDP,,,,,,,,
3,s2cl8,1767117002.219566000,137,,,,,LLDP,,,,,,,,
3,s2cl8,1767117005.320183000,137,,,,,LLDP,,,,,,,,
3,s2cl8,1767117005.320290000,137,,,,,LLDP,,,,,,,,
3,s2cl8,1767117008.419899000,137,,,,,LLDP,,,,,,,,
3,s2cl8,1767117008.419949000,137,,,,,LLDP,,,,,,,,
3,s2cl8,1767117011.519672000,137,,,,,LLDP,,,,,,,,
3,s2cl8,1767117011.519758000,137,,,,,LLDP,,,,,,,,
3,s2cl8,1767117014.620541000,137,,,,,LLDP,,,,,,,,
3,s2cl8,1767117014.620641000,137,,,,,LLDP,,,,,,,,
3,s2cl8,1767117017.719932000,137,,,,,LLDP,,,,,,,,
3,s2cl8,1767117017.720002000,137,,,,,LLDP,,,,,,,,
3,s2cl8,1767117020.819725000,137,,,,,LLDP,,,,,,,,
3,s2cl8,1767117020.819801000,137,,,,,LLDP,,,,,,,,
3,s2cl8,1767117023.919158000,137,,,,,LLDP,,,,,,,,
3,s2cl8,1767117023.919202000,137,,,,,LLDP,,,,,,,,
3,s2cl8,1767117027.019720000,137,,,,,LLDP,,,,,,,,
3,s2cl8,1767117027.019771000,137,,,,,LLDP,,,,,,,,
3,s2cl8,1767117030.119424000,137,,,,,LLDP,,,,,,,,
3,s2cl8,1767117030.119510000,137,,,,,LLDP,,,,,,,,
3,s2cl8,1767117033.219492000,137,,,,,LLDP,,,,,,,,
3,s2cl8,1767117033.219585000,137,,,,,LLDP,,,,,,,,
3,s2cl8,1767117036.320565000,137,,,,,LLDP,,,,,,,,
3,s2cl8,1767117036.320644000,137,,,,,LLDP,,,,,,,,
3,s2cl8,1767117039.419107000,137,,,,,LLDP,,,,,,,,
3,s2cl8,1767117039.419166000,137,,,,,LLDP,,,,,,,,
3,s2cl8,1767117042.519163000,137,,,,,LLDP,,,,,,,,
3,s2cl8,1767117042.519248000,137,,,,,LLDP,,,,,,,,
3,s2cl8,1767117045.620734000,137,,,,,LLDP,,,,,,,,
3,s2cl8,1767117045.620783000,137,,,,,LLDP,,,,,,,,
3,s2cl8,1767117048.720068000,137,,,,,LLDP,,,,,,,,
3,s2cl8,1767117048.720113000,137,,,,,LLDP,,,,,,,,
3,s2cl8,1767117051.819898000,137,,,,,LLDP,,,,,,,,
3,s2cl8,1767117051.819948000,137,,,,,LLDP,,,,,,,,
3,s2cl8,1767117054.920331000,137,,,,,LLDP,,,,,,,,
3,s2cl8,1767117054.920377000,137,,,,,LLDP,,,,,,,,
3,s2cl8,1767117058.019609000,137,,,,,LLDP,,,,,,,,
3,s2cl8,1767117058.019683000,137,,,,,LLDP,,,,,,,,
3,s2cl8,1767117061.119992000,137,,,,,LLDP,,,,,,,,
3,s2cl8,1767117061.120041000,137,,,,,LLDP,,,,,,,,
3,s2cl8,1767117064.219919000,137,,,,,LLDP,,,,,,,,
3,s2cl8,1767117064.219963000,137,,,,,LLDP,,,,,,,,
3,s2cl8,1767117067.319552000,137,,,,,LLDP,,,,,,,,
3,s2cl8,1767117067.319599000,137,,,,,LLDP,,,,,,,,
3,s2cl8,1767117070.420160000,137,,,,,LLDP,,,,,,,,
3,s2cl8,1767117070.420265000,137,,,,,LLDP,,,,,,,,
3,s2cl9,1767116955.720282000,137,,,,,LLDP,,,,,,,,
3,s2cl9,1767116955.720365000,137,,,,,LLDP,,,,,,,,
3,s2cl9,1767116958.819766000,137,,,,,LLDP,,,,,,,,
3,s2cl9,1767116958.819806000,137,,,,,LLDP,,,,,,,,
3,s2cl9,1767116961.921233000,137,,,,,LLDP,,,,,,,,
3,s2cl9,1767116961.921284000,137,,,,,LLDP,,,,,,,,
3,s2cl9,1767116965.021214000,137,,,,,LLDP,,,,,,,,
3,s2cl9,1767116965.021308000,137,,,,,LLDP,,,,,,,,
3,s2cl9,1767116966.698806000,70,,,fe80::58a4:6cff:fed3:62d6,ff02::2,ICMPv6,,,,,,,133,0
3,s2cl9,1767116968.120274000,137,,,,,LLDP,,,,,,,,
3,s2cl9,1767116968.120362000,137,,,,,LLDP,,,,,,,,
3,s2cl9,1767116971.219720000,137,,,,,LLDP,,,,,,,,
3,s2cl9,1767116971.219761000,137,,,,,LLDP,,,,,,,,
3,s2cl9,1767116974.319854000,137,,,,,LLDP,,,,,,,,
3,s2cl9,1767116974.319893000,137,,,,,LLDP,,,,,,,,
3,s2cl9,1767116977.420773000,137,,,,,LLDP,,,,,,,,
3,s2cl9,1767116977.420848000,137,,,,,LLDP,,,,,,,,
3,s2cl9,1767116980.520855000,137,,,,,LLDP,,,,,,,,
3,s2cl9,1767116980.520896000,137,,,,,LLDP,,,,,,,,
3,s2cl9,1767116983.082831000,70,,,fe80::806:99ff:fe83:c2f,ff02::2,ICMPv6,,,,,,,133,0
3,s2cl9,1767116983.620428000,137,,,,,LLDP,,,,,,,,
3,s2cl9,1767116983.620469000,137,,,,,LLDP,,,,,,,,
3,s2cl9,1767116986.720008000,137,,,,,LLDP,,,,,,,,
3,s2cl9,1767116986.720060000,137,,,,,LLDP,,,,,,,,
3,s2cl9,1767116989.820227000,137,,,,,LLDP,,,,,,,,
3,s2cl9,1767116989.820329000,137,,,,,LLDP,,,,,,,,
3,s2cl9,1767116992.919549000,137,,,,,LLDP,,,,,,,,
3,s2cl9,1767116992.919588000,137,,,,,LLDP,,,,,,,,
3,s2cl9,1767116996.020642000,137,,,,,LLDP,,,,,,,,
3,s2cl9,1767116996.020724000,137,,,,,LLDP,,,,,,,,
3,s2cl9,1767116999.119872000,137,,,,,LLDP,,,,,,,,
3,s2cl9,1767116999.119949000,137,,,,,LLDP,,,,,,,,
3,s2cl9,1767117002.219741000,137,,,,,LLDP,,,,,,,,
3,s2cl9,1767117002.219813000,137,,,,,LLDP,,,,,,,,
3,s2cl9,1767117005.320374000,137,,,,,LLDP,,,,,,,,
3,s2cl9,1767117005.320466000,137,,,,,LLDP,,,,,,,,
3,s2cl9,1767117008.419997000,137,,,,,LLDP,,,,,,,,
3,s2cl9,1767117008.420038000,137,,,,,LLDP,,,,,,,,
3,s2cl9,1767117011.519832000,137,,,,,LLDP,,,,,,,,
3,s2cl9,1767117011.519909000,137,,,,,LLDP,,,,,,,,
3,s2cl9,1767117014.620734000,137,,,,,LLDP,,,,,,,,
3,s2cl9,1767117014.620842000,137,,,,,LLDP,,,,,,,,
3,s2cl9,1767117017.720045000,137,,,,,LLDP,,,,,,,,
3,s2cl9,1767117017.720120000,137,,,,,LLDP,,,,,,,,
3,s2cl9,1767117020.819878000,137,,,,,LLDP,,,,,,,,
3,s2cl9,1767117020.819956000,137,,,,,LLDP,,,,,,,,
3,s2cl9,1767117023.919258000,137,,,,,LLDP,,,,,,,,
3,s2cl9,1767117023.919345000,137,,,,,LLDP,,,,,,,,
3,s2cl9,1767117027.019813000,137,,,,,LLDP,,,,,,,,
3,s2cl9,1767117027.019855000,137,,,,,LLDP,,,,,,,,
3,s2cl9,1767117030.119583000,137,,,,,LLDP,,,,,,,,
3,s2cl9,1767117030.119668000,137,,,,,LLDP,,,,,,,,
3,s2cl9,1767117033.219695000,137,,,,,LLDP,,,,,,,,
3,s2cl9,1767117033.219787000,137,,,,,LLDP,,,,,,,,
3,s2cl9,1767117036.320687000,137,,,,,LLDP,,,,,,,,
3,s2cl9,1767117036.320740000,137,,,,,LLDP,,,,,,,,
3,s2cl9,1767117039.419206000,137,,,,,LLDP,,,,,,,,
3,s2cl9,1767117039.419275000,137,,,,,LLDP,,,,,,,,
3,s2cl9,1767117042.519306000,137,,,,,LLDP,,,,,,,,
3,s2cl9,1767117042.519358000,137,,,,,LLDP,,,,,,,,
3,s2cl9,1767117045.620823000,137,,,,,LLDP,,,,,,,,
3,s2cl9,1767117045.620864000,137,,,,,LLDP,,,,,,,,
3,s2cl9,1767117048.720162000,137,,,,,LLDP,,,,,,,,
3,s2cl9,1767117048.720203000,137,,,,,LLDP,,,,,,,,
3,s2cl9,1767117051.819988000,137,,,,,LLDP,,,,,,,,
3,s2cl9,1767117051.820037000,137,,,,,LLDP,,,,,,,,
3,s2cl9,1767117054.920417000,137,,,,,LLDP,,,,,,,,
3,s2cl9,1767117054.920459000,137,,,,,LLDP,,,,,,,,
3,s2cl9,1767117058.019756000,137,,,,,LLDP,,,,,,,,
3,s2cl9,1767117058.019807000,137,,,,,LLDP,,,,,,,,
3,s2cl9,1767117061.120088000,137,,,,,LLDP,,,,,,,,
3,s2cl9,1767117061.120164000,137,,,,,LLDP,,,,,,,,
3,s2cl9,1767117064.220050000,137,,,,,LLDP,,,,,,,,
3,s2cl9,1767117064.220100000,137,,,,,LLDP,,,,,,,,
3,s2cl9,1767117067.319769000,137,,,,,LLDP,,,,,,,,
3,s2cl9,1767117067.319813000,137,,,,,LLDP,,,,,,,,
3,s2cl9,1767117070.420344000,137,,,,,LLDP,,,,,,,,
3,s2cl9,1767117070.420412000,137,,,,,LLDP,,,,,,,,
3,s2cl9,1767117073.519372000,137,,,,,LLDP,,,,,,,,
3,s2cl9,1767117073.519426000,137,,,,,LLDP,,,,,,,,
