snapshot_idx,ts_epoch,cpu_pct,ram_used_bytes,disk_read_bytes,disk_write_bytes
1,1767643407.4958751,98.476,7853449216,0,288956416
1,1767643413.9358523,29.814,6879772672,0,669548544
1,1767643419.867696,2.467,6877159424,0,477102080
1,1767643424.8716078,3.058,6876422144,0,524959744
1,1767643429.8756042,2.836,6875377664,0,486744064
1,1767643434.8810663,2.857,6874656768,0,459653120
1,1767643439.8836396,2.393,6873718784,0,404447232
1,1767643444.8899388,2.068,6873165824,0,425508864
1,1767643449.8962238,2.425,6872576000,0,437002240
1,1767643454.9009461,3.139,6872051712,0,452386816
1,1767643459.907328,2.405,6871879680,0,344604672
1,1767643464.9117017,3.071,6872477696,0,453476352
1,1767643469.914786,2.249,6872707072,0,425877504
1,1767643474.9211373,2.246,6872391680,0,446365696
1,1767643480.0345216,2.744,6872363008,0,107929600
1,1767643485.04088,1.943,6872305664,0,262144
1,1767643490.047159,2.103,6872764416,0,155648
1,1767643495.0516207,1.880,6872506368,0,188416
1,1767643500.0551207,2.320,6872506368,0,139264
1,1767643505.0596707,2.057,6872502272,0,253952
1,1767643510.0659213,1.922,6872502272,0,548864
1,1767643515.071572,2.081,6868508672,0,180224
1,1767643520.0756094,2.103,6868631552,0,229376
1,1767643525.0795584,2.199,6868623360,0,335872
1,1767643530.0858026,2.147,6868099072,0,114688
1,1767643535.0920298,1.778,6868488192,0,221184
1,1767643540.098257,2.399,6868451328,0,155648
1,1767643545.104486,1.841,6868193280,0,172032
1,1767643550.1082833,2.046,6804492288,0,172032
1,1767643555.1123655,2.037,6805065728,0,172032
1,1767643560.1155846,2.122,6805098496,0,114688
1,1767643565.12185,2.140,6805045248,0,196608
1,1767643570.128102,1.984,6805008384,0,131072
1,1767643575.1343362,1.720,6805008384,0,98304
1,1767643580.1395946,2.083,6805463040,0,204800
1,1767643585.1458373,1.960,6805147648,0,204800
1,1767643590.1516733,1.902,6805106688,0,114688
1,1767643595.1538694,2.126,6805102592,0,196608
1,1767643600.159561,2.204,6805102592,0,196608
1,1767643605.1658363,1.939,6804635648,0,172032
1,1767643610.1701446,2.100,6804709376,0,172032
1,1767643615.1755853,1.998,6804709376,0,98304
1,1767643620.1795824,2.321,6804709376,0,196608
1,1767643625.1858494,1.877,6804779008,0,131072
1,1767643630.1915712,2.144,6804742144,0,114688
1,1767643635.197882,1.839,6804934656,0,204800
1,1767643640.2041202,2.222,6786187264,0,147456
1,1767643645.2103806,2.137,6786363392,0,98304
1,1767643650.2158518,2.124,6785802240,0,172032
1,1767643655.222175,1.878,6786129920,0,122880
1,1767643660.2284927,2.580,6786285568,0,114688
1,1767643665.2316027,2.404,6786441216,0,155648
1,1767643670.2379599,2.340,6759391232,0,98304
1,1767643675.243632,1.900,6746587136,0,204800
1,1767643680.247662,1.965,6746505216,0,212992
1,1767643685.2516358,1.942,6746316800,0,90112
1,1767643690.2555652,1.942,6746624000,0,147456
1,1767643695.2596946,2.533,6670938112,0,188416
1,1767643700.2664046,3.595,6509219840,0,90112
1,1767643705.271629,2.584,6442954752,0,221184
2,1767643809.511603,98.478,9104297984,0,107454464
2,1767643814.5155373,97.345,8254963712,0,521052160
2,1767643819.521848,30.588,7110598656,0,409247744
2,1767643824.650455,2.292,7110823936,0,433152000
2,1767643830.415922,2.811,7110819840,0,539541504
2,1767643835.4194794,3.764,7110815744,0,429441024
2,1767643841.1317818,2.532,7110815744,0,519135232
2,1767643846.1355655,1.946,7110811648,0,483033088
2,1767643851.5398161,2.451,7110553600,0,494559232
2,1767643856.5435662,2.221,7110553600,0,440295424
2,1767643861.5836837,2.647,7110545408,0,436379648
2,1767643866.587985,2.419,7110512640,0,430473216
2,1767643871.5916266,2.482,7110508544,0,430342144
2,1767643876.595722,2.298,7110766592,0,423755776
2,1767643881.6022096,2.462,7110479872,0,465584128
2,1767643886.6087275,2.655,7110410240,0,428990464
2,1767643891.6152685,2.502,7110410240,0,453984256
2,1767643896.6196733,2.203,7110864896,0,430825472
2,1767643901.62594,2.401,7110860800,0,462512128
2,1767643906.6322742,2.258,7110860800,0,401784832
2,1767643911.6387503,2.566,7111090176,0,434208768
2,1767643916.643601,2.278,7022178304,0,383565824
2,1767643921.6476054,2.488,7022174208,0,479199232
2,1767643926.6516979,1.923,7022174208,0,478224384
2,1767643931.6579485,2.364,7022174208,0,440492032
2,1767643936.6642456,2.135,6980558848,0,303104
2,1767643941.6685553,2.144,6957944832,0,442368
2,1767643946.6714163,5.051,6971609088,0,999424
2,1767643951.6756399,11.557,7039668224,0,204800
2,1767643956.6794865,3.877,6935093248,0,688128
2,1767643961.683554,4.171,6936481792,0,90112
2,1767643966.6877077,3.831,6938271744,0,221184
2,1767643971.691485,4.112,6938546176,0,139264
2,1767643976.695141,3.993,6943993856,0,180224
2,1767643981.701402,2.019,6944251904,0,65536
2,1767643986.7081635,2.177,6943985664,0,147456
2,1767643991.7116709,2.040,6944215040,0,16384
2,1767643996.7156632,2.217,6944215040,0,32768
2,1767644001.7190003,2.059,6944215040,0,90112
2,1767644006.7236302,2.295,6943940608,0,131072
2,1767644011.7299573,2.277,6943940608,0,106496
2,1767644016.7364154,2.237,6943940608,0,147456
2,1767644021.7397947,2.100,6943940608,0,40960
2,1767644026.7460158,1.799,6943936512,0,114688
2,1767644031.7516022,1.918,6943936512,0,81920
2,1767644036.7565367,2.096,6944165888,0,122880
2,1767644041.7595987,2.040,6944051200,0,114688
2,1767644046.7636592,2.237,6944280576,0,155648
2,1767644051.7676158,2.337,6928166912,0,32768
2,1767644056.7716045,1.900,6927560704,0,131072
2,1767644061.775687,2.161,6927347712,0,57344
2,1767644066.7806315,2.119,6927802368,0,114688
2,1767644071.7870073,1.842,6928031744,0,303104
2,1767644076.793487,2.200,6877605888,0,65536
2,1767644081.799786,2.257,6801055744,0,90112
2,1767644086.8061728,2.043,6788739072,0,114688
2,1767644091.8125834,2.239,6788198400,0,40960
2,1767644096.8178842,3.286,6705442816,0,122880
2,1767644101.823602,3.503,6542200832,0,114688
2,1767644106.8298275,2.669,6487412736,0,212992
3,1767644245.206666,98.437,9864945664,0,230154240
3,1767644251.1836023,98.454,9864261632,0,584278016
3,1767644258.6036792,63.057,7115530240,16384,471498752
3,1767644263.6100128,2.841,7112441856,0,493166592
3,1767644268.615609,3.540,7112900608,0,359825408
3,1767644273.6195443,3.005,7112900608,0,500064256
3,1767644278.62583,2.497,7112896512,0,459833344
3,1767644284.1596682,2.334,7112605696,0,520642560
3,1767644289.8560476,2.336,7112585216,0,564699136
3,1767644294.8596783,2.778,7112806400,16384,504012800
3,1767644299.861631,1.977,7112790016,16384,534396928
3,1767644304.8678858,2.993,7112781824,16384,549388288
3,1767644309.8742344,2.437,7113019392,16384,594903040
3,1767644314.8756354,2.643,7114301440,8192,489865216
3,1767644319.8795614,3.566,7114522624,0,601251840
3,1767644324.8858573,2.220,7114780672,0,509124608
3,1767644329.892236,2.495,7115010048,0,490561536
3,1767644334.8957012,2.157,7115489280,0,538787840
3,1767644340.0156164,2.598,7115481088,0,512696320
3,1767644345.1879725,2.554,7115481088,0,479764480
3,1767644350.6661522,2.374,7115481088,0,493805568
3,1767644355.668283,1.899,7115481088,0,497639424
3,1767644360.899659,2.295,7115493376,0,378404864
3,1767644365.9059958,1.911,7115493376,0,679936
3,1767644370.907661,1.857,7115493376,0,114688
3,1767644375.9139755,2.396,7115493376,0,180224
3,1767644380.9196968,2.233,7115489280,0,106496
3,1767644385.9260175,2.117,7116005376,0,155648
3,1767644390.9315615,2.252,7116005376,0,163840
3,1767644395.9355333,2.031,7116005376,0,229376
3,1767644400.9396393,2.254,7027601408,0,90112
3,1767644405.9435031,2.188,6903328768,0,311296
3,1767644410.9477723,2.236,6903574528,0,540672
3,1767644415.9515314,2.632,6903537664,0,221184
3,1767644420.9555845,1.872,6903537664,0,139264
3,1767644425.95954,2.691,6903734272,0,180224
3,1767644430.9635692,1.990,6902575104,0,90112
3,1767644435.967526,2.216,6902423552,0,188416
3,1767644440.9716065,2.552,6902444032,0,106496
3,1767644445.9758294,1.692,6902681600,0,188416
3,1767644450.9795024,2.552,6902693888,0,147456
3,1767644455.983614,2.451,6902943744,0,188416
3,1767644460.987527,1.972,6902915072,0,139264
3,1767644465.9915476,2.455,6903021568,0,221184
3,1767644470.9940495,1.991,6902718464,0,90112
3,1767644476.0002747,2.730,6902661120,0,204800
3,1767644481.0038064,2.256,6902390784,0,106496
3,1767644486.0100532,1.771,6884012032,0,139264
3,1767644491.0163682,2.456,6883717120,0,229376
3,1767644496.0226448,2.049,6883680256,0,122880
3,1767644501.0289378,2.697,6884474880,0,180224
3,1767644506.0351524,1.954,6884155392,0,180224
3,1767644511.0413098,1.990,6884376576,0,114688
3,1767644516.0474024,2.472,6883401728,0,188416
3,1767644521.0515535,2.297,6883401728,0,163840
3,1767644526.0562136,1.652,6882983936,0,98304
3,1767644531.059617,3.103,6725111808,0,204800
3,1767644536.0635648,3.259,6562533376,0,155648
3,1767644541.0699859,2.878,6504042496,0,90112
3,1767644546.0755012,2.016,6503763968,0,131072
4,1767644684.9677305,98.377,10541883392,0,263372800
4,1767644690.5579638,98.437,11170320384,40960,415285248
4,1767644696.9283106,97.049,9151639552,32768,662659072
4,1767644703.216991,30.159,7306977280,8192,646356992
4,1767644708.2234833,2.925,7305728000,0,412459008
4,1767644713.2297344,3.109,7305011200,0,490618880
4,1767644718.2357817,3.581,7304044544,0,398499840
4,1767644723.2433517,3.484,7303688192,0,457949184
4,1767644728.7577958,2.740,7303503872,0,494149632
4,1767644734.511585,2.404,7303680000,8192,476741632
4,1767644739.5178766,2.758,7302721536,8192,455663616
4,1767644744.522633,2.311,7302848512,0,475701248
4,1767644749.52908,2.871,7303016448,0,476307456
4,1767644754.5311751,2.196,7303012352,0,441237504
4,1767644759.5360024,2.580,7303262208,0,473513984
4,1767644764.5423143,2.773,7303262208,0,448815104
4,1767644769.5486736,2.235,7303479296,8192,492658688
4,1767644774.5505557,2.677,7303421952,0,441212928
4,1767644781.1636598,2.464,7303405568,0,639279104
4,1767644786.4796658,2.554,7303274496,0,456114176
4,1767644791.4846516,2.098,7303364608,0,448552960
4,1767644796.487665,2.878,7303622656,0,453918720
4,1767644801.4916208,2.364,7303327744,0,444129280
4,1767644806.4966373,2.210,7303262208,0,433266688
4,1767644811.499621,2.336,7303487488,0,19988480
4,1767644816.5035794,1.928,7303716864,0,98304
4,1767644821.509924,2.652,7293448192,0,131072
4,1767644826.516256,2.474,7293734912,0,139264
4,1767644831.522444,2.072,7293595648,0,114688
4,1767644836.5276542,2.436,7115522048,0,172032
4,1767644841.5316203,2.248,6970482688,0,360448
4,1767644846.537989,2.253,6970474496,0,106496
4,1767644851.5443108,2.676,6970667008,0,114688
4,1767644856.5476556,2.089,6970662912,0,147456
4,1767644861.5539954,2.535,6970662912,0,139264
4,1767644866.5597026,2.472,6970892288,0,147456
4,1767644871.5636857,1.934,6970912768,0,98304
4,1767644876.5700054,2.451,6970896384,0,188416
4,1767644881.575612,2.268,6971031552,0,139264
4,1767644886.5796123,2.335,6970994688,0,114688
4,1767644891.585945,2.674,6970994688,0,49152
4,1767644896.592266,1.912,6970994688,0,172032
4,1767644901.5991852,2.750,6971224064,0,90112
4,1767644906.6056123,1.988,6971224064,0,106496
4,1767644911.611927,2.750,6971219968,0,237568
4,1767644916.6182098,2.333,6971478016,0,122880
4,1767644921.624581,2.092,6971473920,0,98304
4,1767644926.6309204,2.391,6971473920,0,180224
4,1767644931.6372542,2.473,6971703296,0,81920
4,1767644936.6435556,1.988,6971703296,0,163840
4,1767644941.6498594,2.494,6972002304,0,90112
4,1767644946.6561284,2.049,6963970048,0,221184
4,1767644951.662423,2.334,6964154368,0,114688
4,1767644956.6687658,2.351,6963851264,0,114688
4,1767644961.6716256,2.014,6884900864,0,90112
4,1767644966.675615,2.478,6825152512,0,172032
4,1767644971.6796377,3.380,6677995520,0,81920
4,1767644976.6835337,4.014,6528909312,0,139264
4,1767644981.6876388,2.535,6528663552,0,237568
4,1767644986.6915114,1.910,6528753664,0,106496
